stevenford,203.55.169.97,Mozilla/4.0 (Compatible; MSIE 8.0; Windows NT 5.2; Trident/6.0)
dmoore,192.211.14.22,Mozilla/5.0 (compatible; MSIE 9.0; Windows NT 6.1; Trident/5.0) chromeframe/10.0.648.205
vjones,203.39.1.43,Mozilla/5.0 (compatible; MSIE 9.0; Windows NT 6.1; Trident/5.0; FunWebProducts)
millerautumn,198.51.101.227,Mozilla/5.0 (compatible; MSIE 10.0; Windows NT 6.1; Trident/4.0; InfoPath.2; SV1; .NET CLR 2.0.50727; WOW64)
djones,192.31.197.70,Mozilla/5.0 (compatible; MSIE 9.0; Windows NT 6.1; Win64; x64; Trident/5.0; .NET CLR 2.0.50727; SLCC2; .NET CLR 3.5.30729; .NET CLR 3.0.30729; Media Center PC 6.0; Zune 4.0; Tablet PC 2.0; InfoPath.3; .NET4.0C; .NET4.0E)
samuel21,169.243.122.225,Mozilla/5.0 (compatible; MSIE 9.0; Windows NT 6.0; Trident/4.0; GTB7.4; InfoPath.3; SV1; .NET CLR 3.1.76908; WOW64; en-US)
zimmermananthony,192.31.215.143,Mozilla/5.0 (compatible; MSIE 9.0; Windows NT 6.1; WOW64; Trident/5.0; SLCC2; .NET CLR 2.0.50727; .NET CLR 3.5.30729; .NET CLR 3.0.30729; Media Center PC 6.0; Zune 4.0; InfoPath.3; MS-RTC LM 8; .NET4.0C; .NET4.0E)
jimenezkevin,198.51.101.22,Mozilla/5.0 (compatible; MSIE 9.0; Windows NT 6.1; Trident/5.0) chromeframe/10.0.648.205
tuckerrobert,192.136.39.223,Mozilla/5.0 (compatible; MSIE 8.0; Windows NT 5.1; Trident/4.0; .NET CLR 1.1.4322; .NET CLR 2.0.50727)
mollywyatt,192.0.1.168,Mozilla/5.0 (compatible; MSIE 8.0; Windows NT 5.1; Trident/4.0; InfoPath.2; SLCC1; .NET CLR 3.0.4506.2152; .NET CLR 3.5.30729; .NET CLR 2.0.50727)
comptonsherri,40.247.226.110,Mozilla/5.0 (compatible; MSIE 9.0; Windows NT 7.1; Trident/5.0)
lee66,205.122.149.133,Mozilla/5.0 (Windows; U; MSIE 9.0; Windows NT 9.0; en-US)
lovebrittany,100.61.202.71,Mozilla/5.0 (compatible; MSIE 10.0; Macintosh; Intel Mac OS X 10_7_3; Trident/6.0)
kimberly93,192.31.192.234,Mozilla/4.0 (compatible; MSIE 10.0; Windows NT 6.1; Trident/5.0)
davidflynn,192.0.118.63,Mozilla/5.0 (compatible; MSIE 8.0; Windows NT 5.2; Trident/4.0; Media Center PC 4.0; SLCC1; .NET CLR 3.0.04320)
silvakimberly,126.15.235.133,Mozilla/4.0 (Compatible; MSIE 8.0; Windows NT 5.2; Trident/6.0)
simmonsdavid,169.248.251.70,Mozilla/5.0 (compatible; MSIE 9.0; Windows NT 6.1; Win64; x64; Trident/5.0; .NET CLR 3.5.30729; .NET CLR 3.0.30729; .NET CLR 2.0.50727; Media Center PC 6.0)
ewilliams,99.227.168.121,Mozilla/5.0 (compatible; MSIE 7.0; Windows NT 5.0; Trident/4.0; FBSMTWB; .NET CLR 2.0.34861; .NET CLR 3.0.3746.3218; .NET CLR 3.5.33652; msn OptimizedIE8;ENUS)
fhenderson,174.68.33.53,Mozilla/5.0 (compatible; MSIE 9.0; Windows NT 6.1; Trident/5.0; SLCC2; .NET CLR 2.0.50727; .NET CLR 3.5.30729; .NET CLR 3.0.30729; Media Center PC 6.0; InfoPath.2; .NET CLR 1.1.4322; .NET4.0C; Tablet PC 2.0)
christina45,192.0.18.140,Mozilla/5.0 (compatible; MSIE 10.0; Windows NT 6.1; Trident/5.0)
choward,187.8.20.31,Mozilla/5.0 (compatible; MSIE 9.0; Windows NT 6.1; Trident/5.0; SLCC2; .NET CLR 2.0.50727; .NET CLR 3.5.30729; .NET CLR 3.0.30729; Media Center PC 6.0; InfoPath.2; .NET CLR 1.1.4322; .NET4.0C; Tablet PC 2.0)
smartin,203.5.48.178,Mozilla/4.0 (compatible; MSIE 8.0; Windows NT 6.1; WOW64; Trident/4.0; SLCC2; .NET CLR 2.0.50727; Media Center PC 6.0; .NET CLR 3.5.30729; .NET CLR 3.0.30729; .NET4.0C)
michael40,192.172.66.212,"Mozilla/5.0 (compatible, MSIE 11, Windows NT 6.3; Trident/7.0;  rv:11.0) like Gecko"
shiggins,192.175.130.184,Mozilla/4.0 (Compatible; MSIE 8.0; Windows NT 5.2; Trident/6.0)
sandra95,198.23.118.182,Mozilla/5.0 (compatible; MSIE 9.0; Windows NT 6.1; WOW64; Trident/5.0; chromeframe/12.0.742.112)
sheila16,192.31.157.0,Mozilla/5.0 (compatible; MSIE 10.0; Windows NT 6.1; Trident/6.0)
mkrueger,198.50.236.14,Mozilla/5.0 (compatible; MSIE 8.0; Windows NT 6.0; Trident/4.0; WOW64; Trident/4.0; SLCC2; .NET CLR 2.0.50727; .NET CLR 3.5.30729; .NET CLR 3.0.30729; .NET CLR 1.0.3705; .NET CLR 1.1.4322)
vlane,223.140.118.255,Mozilla/5.0 (compatible; MSIE 9.0; Windows NT 6.1; Trident/5.0; chromeframe/11.0.696.57)
carlsontina,192.40.131.138,Mozilla/4.0 (compatible; MSIE 8.0; Windows NT 6.1; WOW64; Trident/4.0; SLCC2; .NET CLR 2.0.50727; InfoPath.3; .NET4.0C; .NET4.0E; .NET CLR 3.5.30729; .NET CLR 3.0.30729; MS-RTC LM 8)
fmoss,169.213.26.3,Mozilla/5.0 (compatible; MSIE 10.0; Macintosh; Intel Mac OS X 10_7_3; Trident/6.0)
phyllischambers,198.49.111.15,Mozilla/5.0 (compatible; MSIE 10.0; Windows NT 6.1; WOW64; Trident/6.0)
wbryant,192.175.49.93,Mozilla/5.0 (compatible; MSIE 8.0; Windows NT 5.1; Trident/4.0; SLCC1; .NET CLR 3.0.4506.2152; .NET CLR 3.5.30729; .NET CLR 1.1.4322)
arobles,192.26.207.56,"Mozilla/5.0 (compatible, MSIE 11, Windows NT 6.3; Trident/7.0;  rv:11.0) like Gecko"
udelgado,192.88.35.94,Mozilla/5.0 (compatible; MSIE 9.0; Windows NT 6.1; Trident/5.0; FunWebProducts)
sheila88,192.88.98.13,Mozilla/5.0 (compatible; MSIE 9.0; Windows NT 6.1; Trident/5.0; FunWebProducts)
fmonroe,192.173.74.65,Mozilla/4.0 (compatible; MSIE 8.0; Windows NT 6.1; WOW64; Trident/4.0; SLCC2; .NET CLR 2.0.50727; .NET CLR 3.5.30729; .NET CLR 3.0.30729; Media Center PC 6.0; Zune 3.0)
tony38,192.88.98.124,Mozilla/5.0 (compatible; MSIE 10.0; Windows NT 6.1; Trident/5.0)
jennifer06,98.85.88.1,Mozilla/5.0 (compatible; MSIE 9.0; Windows NT 6.1; Win64; x64; Trident/5.0; .NET CLR 3.5.30729; .NET CLR 3.0.30729; .NET CLR 2.0.50727; Media Center PC 6.0)
lindacrawford,192.52.207.184,Mozilla/5.0 (compatible; MSIE 9.0; Windows NT 6.1; Win64; x64; Trident/5.0
mcgeelauren,192.0.24.120,Mozilla/5.0 (compatible; MSIE 8.0; Windows NT 6.0; Trident/4.0; WOW64; Trident/4.0; SLCC2; .NET CLR 2.0.50727; .NET CLR 3.5.30729; .NET CLR 3.0.30729; .NET CLR 1.0.3705; .NET CLR 1.1.4322)
woodardaustin,169.222.71.115,Mozilla/5.0 (compatible; MSIE 9.0; Windows NT 6.1; Trident/5.0; FunWebProducts)
laurafernandez,123.125.200.23,Mozilla/5.0 (compatible; MSIE 9.0; Windows NT 6.1; WOW64; Trident/5.0; .NET CLR 3.5.30729; .NET CLR 3.0.30729; .NET CLR 2.0.50727; Media Center PC 6.0)
everettthomas,203.15.243.213,Mozilla/5.0 (compatible; MSIE 9.0; Windows NT 6.1; WOW64; Trident/5.0; .NET CLR 3.5.30729; .NET CLR 3.0.30729; .NET CLR 2.0.50727; Media Center PC 6.0)
ralph74,168.24.34.192,Mozilla/5.0 (compatible; MSIE 10.0; Windows NT 6.1; Trident/6.0)
sclark,192.89.80.14,Mozilla/1.22 (compatible; MSIE 10.0; Windows 3.1)
afreeman,195.235.158.16,Mozilla/4.0 (compatible; MSIE 8.0; Windows NT 6.1; WOW64; Trident/4.0; SLCC2; .NET CLR 2.0.50727; InfoPath.2)
xruiz,198.48.49.36,Mozilla/5.0 (compatible; MSIE 9.0; Windows NT 6.1; WOW64; Trident/5.0; chromeframe/12.0.742.112)
davisbruce,192.88.124.104,Mozilla/5.0 (compatible; MSIE 9.0; Windows NT 6.1; Win64; x64; Trident/5.0; .NET CLR 3.5.30729; .NET CLR 3.0.30729; .NET CLR 2.0.50727; Media Center PC 6.0)
zgates,192.31.197.246,Mozilla/5.0 (compatible; MSIE 10.0; Windows NT 6.1; Trident/5.0)
sburns,3.243.173.189,Mozilla/5.0 (compatible; MSIE 9.0; Windows NT 6.1; Trident/5.0; FunWebProducts)
gardneramanda,192.22.60.222,Mozilla/5.0 (compatible; MSIE 9.0; Windows NT 6.1; WOW64; Trident/5.0; SLCC2; .NET CLR 2.0.50727; .NET CLR 3.5.30729; .NET CLR 3.0.30729; Media Center PC 6.0; Zune 4.0; InfoPath.3; MS-RTC LM 8; .NET4.0C; .NET4.0E)
conwaytaylor,192.0.102.130,Mozilla/5.0 (compatible; MSIE 8.0; Windows NT 5.2; Trident/4.0; Media Center PC 4.0; SLCC1; .NET CLR 3.0.04320)
smithdavid,192.52.231.189,"Mozilla/5.0 (compatible, MSIE 11, Windows NT 6.3; Trident/7.0;  rv:11.0) like Gecko"
jonesjohn,175.203.64.109,Mozilla/5.0 (compatible; MSIE 9.0; Windows NT 6.1; Win64; x64; Trident/5.0
melissa99,193.97.7.7,Mozilla/5.0 (compatible; MSIE 9.0; Windows NT 6.1; WOW64; Trident/5.0; SLCC2; Media Center PC 6.0; InfoPath.3; MS-RTC LM 8; Zune 4.7
kimberlycampbell,192.172.232.213,Mozilla/5.0 (Windows NT 6.1; WOW64; Trident/7.0; AS; rv:11.0) like Gecko
jessica38,192.0.6.131,Mozilla/5.0 (compatible; MSIE 10.0; Macintosh; Intel Mac OS X 10_7_3; Trident/6.0)
matthew86,192.175.51.64,Mozilla/5.0 (compatible; MSIE 9.0; Windows NT 6.1; Win64; x64; Trident/5.0; .NET CLR 2.0.50727; SLCC2; .NET CLR 3.5.30729; .NET CLR 3.0.30729; Media Center PC 6.0; Zune 4.0; Tablet PC 2.0; InfoPath.3; .NET4.0C; .NET4.0E)
gnelson,192.175.49.49,Mozilla/5.0 (compatible; MSIE 8.0; Windows NT 6.0; Trident/4.0; WOW64; Trident/4.0; SLCC2; .NET CLR 2.0.50727; .NET CLR 3.5.30729; .NET CLR 3.0.30729; .NET CLR 1.0.3705; .NET CLR 1.1.4322)
wilsonjesse,192.175.223.148,Mozilla/5.0 (compatible; MSIE 10.0; Windows NT 7.0; InfoPath.3; .NET CLR 3.1.40767; Trident/6.0; en-IN)
summersbrandy,198.124.161.64,Mozilla/5.0 (compatible; MSIE 9.0; Windows NT 6.1; Trident/5.0; FunWebProducts)
melissa77,192.31.205.156,"Mozilla/5.0 (compatible, MSIE 11, Windows NT 6.3; Trident/7.0;  rv:11.0) like Gecko"
allenandrew,193.204.217.58,Mozilla/5.0 (compatible; MSIE 9.0; Windows NT 6.1; WOW64; Trident/5.0; SLCC2; .NET CLR 2.0.50727; .NET CLR 3.5.30729; .NET CLR 3.0.30729; Media Center PC 6.0; Zune 4.0; InfoPath.3; MS-RTC LM 8; .NET4.0C; .NET4.0E)
cindy93,192.0.3.220,Mozilla/5.0 (Windows; U; MSIE 9.0; Windows NT 9.0; en-US)
fgilbert,203.0.123.210,Mozilla/5.0 (compatible; MSIE 10.0; Windows NT 6.1; Trident/5.0)
loristewart,192.30.117.192,Mozilla/5.0 (compatible; MSIE 9.0; Windows NT 6.1; WOW64; Trident/5.0; SLCC2; .NET CLR 2.0.50727; .NET CLR 3.5.30729; .NET CLR 3.0.30729; Media Center PC 6.0; Zune 4.0; InfoPath.3; MS-RTC LM 8; .NET4.0C; .NET4.0E)
tracy32,125.243.48.50,Mozilla/5.0 (Windows; U; MSIE 9.0; Windows NT 9.0; en-US)
zwebb,198.30.14.201,Mozilla/5.0 (compatible; MSIE 9.0; Windows NT 6.1; WOW64; Trident/5.0; .NET CLR 3.5.30729; .NET CLR 3.0.30729; .NET CLR 2.0.50727; Media Center PC 6.0)
kyleclark,203.0.117.201,Mozilla/5.0 (compatible; MSIE 9.0; Windows NT 6.0; Trident/5.0; chromeframe/11.0.696.57)
michael63,192.175.22.217,Mozilla/5.0 (compatible; MSIE 9.0; Windows NT 6.0; Trident/4.0; GTB7.4; InfoPath.3; SV1; .NET CLR 3.1.76908; WOW64; en-US)
kelly56,192.88.115.164,Mozilla/5.0 (compatible; MSIE 9.0; Windows NT 6.1; Trident/5.0; chromeframe/11.0.696.57)
caroline72,192.0.27.151,Mozilla/5.0 (compatible; MSIE 9.0; Windows NT 7.1; Trident/5.0)
danielle93,192.174.15.7,Mozilla/4.0 (compatible; MSIE 8.0; Windows NT 6.1; WOW64; Trident/4.0; SLCC2; Media Center PC 6.0; InfoPath.2; MS-RTC LM 8)
william98,115.236.129.54,Mozilla/5.0 (compatible; MSIE 10.0; Windows NT 6.1; Trident/5.0)
paulacoleman,3.51.74.134,Mozilla/5.0 (Windows NT 6.1; WOW64; Trident/7.0; AS; rv:11.0) like Gecko
tina77,192.4.128.4,Mozilla/5.0 (compatible; MSIE 9.0; Windows NT 6.1; Trident/5.0; FunWebProducts)
derekhernandez,45.177.1.55,Mozilla/5.0 (compatible; MSIE 8.0; Windows NT 5.2; Trident/4.0; Media Center PC 4.0; SLCC1; .NET CLR 3.0.04320)
krystalrivera,6.214.42.102,Mozilla/5.0 (compatible; MSIE 8.0; Windows NT 5.0; Trident/4.0; InfoPath.1; SV1; .NET CLR 3.0.4506.2152; .NET CLR 3.5.30729; .NET CLR 3.0.04506.30)
ohaynes,203.0.47.133,Mozilla/5.0 (compatible; MSIE 10.0; Macintosh; Intel Mac OS X 10_7_3; Trident/6.0)
curtis50,202.203.158.51,Mozilla/5.0 (compatible; MSIE 10.0; Windows NT 6.1; Trident/6.0)
cookejacob,203.0.122.12,Mozilla/5.0 (Windows; U; MSIE 9.0; Windows NT 9.0; en-US)
cassandracantrell,160.75.7.208,Mozilla/4.0 (compatible; MSIE 8.0; Windows NT 6.1; WOW64; Trident/4.0; SLCC2; Media Center PC 6.0; InfoPath.2; MS-RTC LM 8
murrayrobert,192.89.243.33,Mozilla/5.0 (compatible; MSIE 8.0; Windows NT 5.1; SLCC1; .NET CLR 1.1.4322)
hamiltondaniel,203.0.219.187,Mozilla/5.0 (compatible; MSIE 9.0; Windows NT 6.1; Trident/4.0; GTB7.4; InfoPath.1; SV1; .NET CLR 2.8.52393; WOW64; en-US)
hernandezchristopher,198.51.237.14,Mozilla/4.0 (compatible; MSIE 10.0; Windows NT 6.1; Trident/5.0)
jacksonjoseph,192.92.88.189,Mozilla/5.0 (compatible; MSIE 8.0; Windows NT 6.0; Trident/4.0; .NET CLR 2.7.58687; SLCC2; Media Center PC 5.0; Zune 3.4; Tablet PC 3.6; InfoPath.3)
richardcarla,192.88.96.53,Mozilla/4.0 (compatible; MSIE 8.0; Windows NT 6.1; WOW64; Trident/4.0; SLCC2; .NET CLR 2.0.50727; .NET CLR 3.5.30729; .NET CLR 3.0.30729; Media Center PC 6.0; Zune 3.0)
montgomeryangela,192.175.28.10,Mozilla/5.0 (compatible; MSIE 9.0; Windows NT 7.1; Trident/5.0)
douglas74,203.156.200.130,Mozilla/5.0 (compatible; MSIE 10.0; Macintosh; Intel Mac OS X 10_7_3; Trident/6.0)
revans,192.175.49.125,Mozilla/4.0 (compatible; MSIE 8.0; Windows NT 6.1; WOW64; Trident/4.0; SLCC2; .NET CLR 2.0.50727; InfoPath.3; .NET4.0C; .NET4.0E; .NET CLR 3.5.30729; .NET CLR 3.0.30729; MS-RTC LM 8)
zlang,106.190.207.74,Mozilla/5.0 (Windows NT 6.1; WOW64; Trident/7.0; AS; rv:11.0) like Gecko
bryan94,198.94.224.111,Mozilla/5.0 (compatible; MSIE 10.6; Windows NT 6.1; Trident/5.0; InfoPath.2; SLCC1; .NET CLR 3.0.4506.2152; .NET CLR 3.5.30729; .NET CLR 2.0.50727) 3gpp-gba UNTRUSTED/1.0
karen58,198.51.106.39,Mozilla/5.0 (compatible; MSIE 9.0; Windows NT 6.1; Win64; x64; Trident/5.0; .NET CLR 2.0.50727; SLCC2; .NET CLR 3.5.30729; .NET CLR 3.0.30729; Media Center PC 6.0; Zune 4.0; Tablet PC 2.0; InfoPath.3; .NET4.0C; .NET4.0E)
michaelcastro,192.31.204.159,Mozilla/5.0 (compatible; MSIE 8.0; Windows NT 5.0; Trident/4.0; InfoPath.1; SV1; .NET CLR 3.0.4506.2152; .NET CLR 3.5.30729; .NET CLR 3.0.04506.30)
daniellehall,192.30.177.22,Mozilla/5.0 (compatible; MSIE 10.6; Windows NT 6.1; Trident/5.0; InfoPath.2; SLCC1; .NET CLR 3.0.4506.2152; .NET CLR 3.5.30729; .NET CLR 2.0.50727) 3gpp-gba UNTRUSTED/1.0
coreyreed,192.55.207.149,Mozilla/5.0 (compatible; MSIE 9.0; Windows NT 6.1; Trident/5.0; chromeframe/11.0.696.57)
maryoconnor,196.54.106.33,Mozilla/5.0 (Windows; U; MSIE 9.0; WIndows NT 9.0; en-US))
debra46,123.132.241.179,Mozilla/5.0 (compatible; MSIE 8.0; Windows NT 5.0; Trident/4.0; InfoPath.1; SV1; .NET CLR 3.0.4506.2152; .NET CLR 3.5.30729; .NET CLR 3.0.04506.30)
gpatel,203.0.89.71,Mozilla/5.0 (compatible; MSIE 9.0; Windows NT 6.1; WOW64; Trident/5.0; .NET CLR 3.5.30729; .NET CLR 3.0.30729; .NET CLR 2.0.50727; Media Center PC 6.0)
fgray,175.173.195.7,Mozilla/5.0 (compatible; MSIE 10.0; Windows NT 6.1; Trident/5.0)
mary56,192.175.50.108,Mozilla/4.0 (Compatible; MSIE 8.0; Windows NT 5.2; Trident/6.0)
jacob69,193.64.141.185,Mozilla/5.0 (compatible; MSIE 10.0; Windows NT 6.1; Trident/5.0)
derek58,126.243.231.116,Mozilla/5.0 (compatible; MSIE 9.0; Windows NT 6.1; Trident/5.0; chromeframe/11.0.696.57)
eric31,203.0.94.34,Mozilla/5.0 (compatible; MSIE 8.0; Windows NT 5.0; Trident/4.0; InfoPath.1; SV1; .NET CLR 3.0.4506.2152; .NET CLR 3.5.30729; .NET CLR 3.0.04506.30)
reynoldsdaniel,198.17.191.88,Mozilla/5.0 (compatible; MSIE 8.0; Windows NT 5.2; Trident/4.0; Media Center PC 4.0; SLCC1; .NET CLR 3.0.04320)
erinjohnson,200.71.11.177,Mozilla/5.0 (compatible; MSIE 9.0; Windows NT 6.1; Win64; x64; Trident/5.0; .NET CLR 2.0.50727; SLCC2; .NET CLR 3.5.30729; .NET CLR 3.0.30729; Media Center PC 6.0; Zune 4.0; Tablet PC 2.0; InfoPath.3; .NET4.0C; .NET4.0E)
beardtammy,203.0.118.131,Mozilla/4.0 (compatible; MSIE 8.0; Windows NT 6.1; WOW64; Trident/4.0; SLCC2; .NET CLR 2.0.50727; .NET CLR 3.5.30729; .NET CLR 3.0.30729; Media Center PC 6.0; Zune 3.0)
willisjeff,192.29.92.211,Mozilla/5.0 (compatible; MSIE 9.0; Windows NT 6.1; Trident/5.0; chromeframe/13.0.782.215)
deborah49,192.204.37.209,Mozilla/4.0 (compatible; MSIE 8.0; Windows NT 6.1; WOW64; Trident/4.0; SLCC2; .NET CLR 2.0.50727; Media Center PC 6.0; .NET CLR 3.5.30729; .NET CLR 3.0.30729; .NET4.0C)
flynnjill,102.115.33.58,Mozilla/5.0 (compatible; MSIE 9.0; Windows NT 6.1; Trident/5.0; SLCC2; .NET CLR 2.0.50727; .NET CLR 3.5.30729; .NET CLR 3.0.30729; Media Center PC 6.0; InfoPath.2; .NET CLR 1.1.4322; .NET4.0C; Tablet PC 2.0)
james21,192.0.74.99,Mozilla/5.0 (compatible; MSIE 8.0; Windows NT 5.1; Trident/4.0; SLCC1; .NET CLR 3.0.4506.2152; .NET CLR 3.5.30729; .NET CLR 1.1.4322)
thomasalvarez,192.52.173.34,Mozilla/5.0 (compatible; MSIE 8.0; Windows NT 5.1; SLCC1; .NET CLR 1.1.4322)
kgarcia,206.55.144.255,Mozilla/5.0 (compatible; MSIE 8.0; Windows NT 5.2; Trident/4.0; Media Center PC 4.0; SLCC1; .NET CLR 3.0.04320)
sharpmichael,192.49.149.84,Mozilla/4.0 (compatible; MSIE 8.0; Windows NT 6.1; WOW64; Trident/4.0; SLCC2; .NET CLR 2.0.50727; Media Center PC 6.0; .NET CLR 3.5.30729; .NET CLR 3.0.30729; .NET4.0C)
murphyjennifer,198.51.96.186,Mozilla/5.0 (compatible; MSIE 9.0; Windows NT 6.1; Trident/4.0; GTB7.4; InfoPath.1; SV1; .NET CLR 2.8.52393; WOW64; en-US)
stanley04,192.168.51.226,Mozilla/5.0 (compatible; MSIE 10.0; Windows NT 6.1; Trident/4.0; InfoPath.2; SV1; .NET CLR 2.0.50727; WOW64)
john20,192.5.48.32,Mozilla/5.0 (compatible; MSIE 9.0; Windows NT 6.1; Trident/5.0; FunWebProducts)
mwright,192.31.87.11,Mozilla/5.0 (compatible; MSIE 9.0; Windows NT 6.1; Trident/4.0; GTB7.4; InfoPath.1; SV1; .NET CLR 2.8.52393; WOW64; en-US)
adam67,198.22.19.91,Mozilla/5.0 (compatible; MSIE 9.0; Windows NT 6.1; Trident/5.0; SLCC2; .NET CLR 2.0.50727; .NET CLR 3.5.30729; .NET CLR 3.0.30729; Media Center PC 6.0; InfoPath.2; .NET CLR 1.1.4322; .NET4.0C; Tablet PC 2.0)
shermankayla,192.0.3.190,Mozilla/5.0 (compatible; MSIE 8.0; Windows NT 6.1; Trident/4.0; GTB7.4; InfoPath.2; SV1; .NET CLR 3.3.69573; WOW64; en-US)
cheryl81,192.175.55.40,Mozilla/5.0 (compatible; MSIE 9.0; Windows NT 6.1; Trident/5.0; yie8)
willispatty,203.0.93.11,Mozilla/5.0 (compatible; MSIE 9.0; Windows NT 6.1; Trident/5.0; yie8)
lmoran,189.248.191.103,Mozilla/5.0 (compatible; MSIE 8.0; Windows NT 5.1; Trident/4.0; InfoPath.2; SLCC1; .NET CLR 3.0.4506.2152; .NET CLR 3.5.30729; .NET CLR 2.0.50727)
wilsonjoseph,192.170.49.126,Mozilla/5.0 (compatible; MSIE 9.0; Windows NT 6.1; Trident/5.0; yie8)
victor02,175.168.2.112,Mozilla/5.0 (compatible; MSIE 10.0; Windows NT 6.1; WOW64; Trident/6.0)
omata,203.0.3.191,Mozilla/5.0 (compatible; MSIE 9.0; Windows NT 6.1; WOW64; Trident/5.0; SLCC2; .NET CLR 2.0.50727; .NET CLR 3.5.30729; .NET CLR 3.0.30729; Media Center PC 6.0; Zune 4.0; InfoPath.3; MS-RTC LM 8; .NET4.0C; .NET4.0E)
bellshane,192.52.203.115,Mozilla/4.0 (compatible; MSIE 8.0; Windows NT 6.1; WOW64; Trident/4.0; SLCC2; Media Center PC 6.0; InfoPath.2; MS-RTC LM 8)
kim94,102.137.254.235,Mozilla/5.0 (compatible; MSIE 9.0; Windows NT 6.0; Trident/5.0; chromeframe/11.0.696.57)
swilkins,192.88.159.155,Mozilla/5.0 (compatible; MSIE 10.0; Windows NT 7.0; InfoPath.3; .NET CLR 3.1.40767; Trident/6.0; en-IN)
joy01,192.31.211.51,Mozilla/5.0 (compatible; MSIE 10.0; Windows NT 6.1; Trident/5.0)
blakesheila,192.88.65.20,Mozilla/4.0 (compatible; MSIE 8.0; Windows NT 6.1; WOW64; Trident/4.0; SLCC2; .NET CLR 2.0.50727; Media Center PC 6.0; .NET CLR 3.5.30729; .NET CLR 3.0.30729; .NET4.0C)
merrittanthony,192.31.197.8,Mozilla/1.22 (compatible; MSIE 10.0; Windows 3.1)
williamsondesiree,169.160.238.12,Mozilla/4.0 (compatible; MSIE 8.0; Windows NT 6.1; WOW64; Trident/4.0; SLCC2; Media Center PC 6.0; InfoPath.2; MS-RTC LM 8)
gonzalezgregory,198.20.143.4,Mozilla/4.0 (compatible; MSIE 8.0; Windows NT 6.1; WOW64; Trident/4.0; SLCC2; .NET CLR 2.0.50727; InfoPath.3; .NET4.0C; .NET4.0E; .NET CLR 3.5.30729; .NET CLR 3.0.30729; MS-RTC LM 8)
todd39,96.72.62.50,Mozilla/5.0 (compatible; MSIE 9.0; Windows NT 6.0; Trident/4.0; GTB7.4; InfoPath.3; SV1; .NET CLR 3.1.76908; WOW64; en-US)
bakernicole,198.51.50.120,Mozilla/5.0 (compatible; MSIE 8.0; Windows NT 6.0; Trident/4.0; InfoPath.1; SV1; .NET CLR 3.8.36217; WOW64; en-US)
istevenson,192.0.5.10,Mozilla/5.0 (compatible; MSIE 9.0; Windows NT 6.1; WOW64; Trident/5.0; SLCC2; .NET CLR 2.0.50727; .NET CLR 3.5.30729; .NET CLR 3.0.30729; Media Center PC 6.0; Zune 4.0; InfoPath.3; MS-RTC LM 8; .NET4.0C; .NET4.0E)
paul52,204.195.217.10,Mozilla/5.0 (compatible; MSIE 10.0; Windows NT 7.0; InfoPath.3; .NET CLR 3.1.40767; Trident/6.0; en-IN)
vporter,203.0.114.36,Mozilla/5.0 (compatible; MSIE 9.0; Windows NT 6.1; WOW64; Trident/5.0; SLCC2; Media Center PC 6.0; InfoPath.3; MS-RTC LM 8; Zune 4.7)
jgonzalez,203.1.110.241,Mozilla/5.0 (compatible; MSIE 8.0; Windows NT 6.0; Trident/4.0; InfoPath.1; SV1; .NET CLR 3.8.36217; WOW64; en-US)
susanthompson,192.1.72.16,Mozilla/5.0 (compatible; MSIE 8.0; Windows NT 6.1; Trident/4.0; GTB7.4; InfoPath.2; SV1; .NET CLR 3.3.69573; WOW64; en-US)
jonesanne,192.31.197.70,Mozilla/5.0 (compatible; MSIE 9.0; Windows NT 6.1; Trident/5.0; chromeframe/11.0.696.57)
brewerlaura,198.10.244.251,Mozilla/5.0 (compatible; MSIE 7.0; Windows NT 5.0; Trident/4.0; FBSMTWB; .NET CLR 2.0.34861; .NET CLR 3.0.3746.3218; .NET CLR 3.5.33652; msn OptimizedIE8;ENUS)
danielwright,192.88.199.105,Mozilla/4.0 (compatible; MSIE 10.0; Windows NT 6.1; Trident/5.0)
daniel40,198.51.124.156,Mozilla/5.0 (compatible; MSIE 8.0; Windows NT 5.1; Trident/4.0; .NET CLR 1.1.4322; .NET CLR 2.0.50727)
karenholden,193.35.220.203,Mozilla/5.0 (Windows NT 6.1; WOW64; Trident/7.0; AS; rv:11.0) like Gecko
seanjohnson,123.211.41.247,Mozilla/5.0 (compatible; MSIE 9.0; Windows NT 6.1; Trident/5.0; chromeframe/13.0.782.215)
josephbolton,192.6.74.142,Mozilla/4.0 (compatible; MSIE 8.0; Windows NT 6.2; Trident/4.0; SLCC2; .NET CLR 2.0.50727; .NET CLR 3.5.30729; .NET CLR 3.0.30729; Media Center PC 6.0)
hernandezashley,121.167.206.135,Mozilla/5.0 (compatible; MSIE 8.0; Windows NT 5.1; Trident/4.0; InfoPath.2; SLCC1; .NET CLR 3.0.4506.2152; .NET CLR 3.5.30729; .NET CLR 2.0.50727)
kimberlyhall,194.138.165.92,Mozilla/5.0 (compatible; MSIE 8.0; Windows NT 6.0; Trident/4.0; InfoPath.1; SV1; .NET CLR 3.8.36217; WOW64; en-US)
wheelermichael,203.0.234.95,Mozilla/4.0 (compatible; MSIE 10.0; Windows NT 6.1; Trident/5.0)
hoodpaul,192.31.169.239,Mozilla/5.0 (compatible; MSIE 9.0; Windows NT 6.1; WOW64; Trident/5.0; SLCC2; Media Center PC 6.0; InfoPath.3; MS-RTC LM 8; Zune 4.7
pjackson,103.101.67.148,Mozilla/5.0 (Windows NT 6.1; WOW64; Trident/7.0; AS; rv:11.0) like Gecko
pughnicole,192.194.222.160,Mozilla/5.0 (compatible; MSIE 10.6; Windows NT 6.1; Trident/5.0; InfoPath.2; SLCC1; .NET CLR 3.0.4506.2152; .NET CLR 3.5.30729; .NET CLR 2.0.50727) 3gpp-gba UNTRUSTED/1.0
wrightjason,192.31.255.120,Mozilla/5.0 (compatible; MSIE 10.0; Windows NT 6.1; Trident/5.0)
ashleycarr,11.13.34.137,Mozilla/5.0 (compatible; MSIE 9.0; Windows NT 6.1; Trident/5.0; chromeframe/11.0.696.57)
mary56,14.240.226.58,Mozilla/5.0 (compatible; MSIE 9.0; Windows NT 6.1; Trident/5.0; chromeframe/11.0.696.57)
pmason,169.111.78.129,Mozilla/5.0 (compatible; MSIE 8.0; Windows NT 5.2; Trident/4.0; Media Center PC 4.0; SLCC1; .NET CLR 3.0.04320)
yward,6.165.226.108,Mozilla/5.0 (compatible; MSIE 9.0; Windows NT 6.0; Trident/4.0; GTB7.4; InfoPath.3; SV1; .NET CLR 3.1.76908; WOW64; en-US)
heather25,197.8.233.114,Mozilla/4.0 (compatible; MSIE 8.0; Windows NT 6.1; WOW64; Trident/4.0; SLCC2; .NET CLR 2.0.50727; Media Center PC 6.0; .NET CLR 3.5.30729; .NET CLR 3.0.30729; .NET4.0C)
brian80,223.141.170.14,Mozilla/5.0 (compatible; MSIE 9.0; Windows NT 6.1; WOW64; Trident/5.0; SLCC2; .NET CLR 2.0.50727; .NET CLR 3.5.30729; .NET CLR 3.0.30729; Media Center PC 6.0; Zune 4.0; InfoPath.3; MS-RTC LM 8; .NET4.0C; .NET4.0E)
barkerlauren,192.44.241.41,Mozilla/5.0 (compatible; MSIE 10.6; Windows NT 6.1; Trident/5.0; InfoPath.2; SLCC1; .NET CLR 3.0.4506.2152; .NET CLR 3.5.30729; .NET CLR 2.0.50727) 3gpp-gba UNTRUSTED/1.0
sherri84,192.55.176.93,Mozilla/5.0 (Windows; U; MSIE 9.0; Windows NT 9.0; en-US)
beckantonio,192.25.83.162,"Mozilla/5.0 (compatible, MSIE 11, Windows NT 6.3; Trident/7.0;  rv:11.0) like Gecko"
blankenshipkatherine,192.52.129.86,Mozilla/5.0 (compatible; MSIE 8.0; Windows NT 5.0; Trident/4.0; InfoPath.1; SV1; .NET CLR 3.0.4506.2152; .NET CLR 3.5.30729; .NET CLR 3.0.04506.30)
jonathan62,198.37.58.90,Mozilla/5.0 (compatible; MSIE 9.0; Windows NT 6.1; WOW64; Trident/5.0; SLCC2; .NET CLR 2.0.50727; .NET CLR 3.5.30729; .NET CLR 3.0.30729; Media Center PC 6.0; Zune 4.0; InfoPath.3; MS-RTC LM 8; .NET4.0C; .NET4.0E)
jessica73,198.63.105.240,Mozilla/5.0 (Windows NT 6.1; WOW64; Trident/7.0; AS; rv:11.0) like Gecko
sarah21,192.88.11.176,Mozilla/5.0 (compatible; MSIE 8.0; Windows NT 5.1; Trident/4.0; SLCC1; .NET CLR 3.0.4506.2152; .NET CLR 3.5.30729; .NET CLR 1.1.4322)
gibsonphillip,203.45.4.45,Mozilla/5.0 (compatible; MSIE 9.0; Windows NT 6.1; Trident/5.0; chromeframe/13.0.782.215)
shannonmario,198.46.169.2,Mozilla/5.0 (compatible; MSIE 9.0; Windows NT 6.1; Trident/5.0) chromeframe/10.0.648.205
jonathantucker,198.243.183.151,Mozilla/5.0 (compatible; MSIE 9.0; Windows NT 6.1; Win64; x64; Trident/5.0
qholland,192.50.218.221,Mozilla/5.0 (compatible; MSIE 9.0; Windows NT 6.0; Trident/4.0; GTB7.4; InfoPath.3; SV1; .NET CLR 3.1.76908; WOW64; en-US)
epittman,20.242.188.109,Mozilla/5.0 (compatible; MSIE 9.0; Windows NT 6.1; WOW64; Trident/5.0; chromeframe/12.0.742.112)
hurstashley,192.175.52.192,Mozilla/5.0 (compatible; MSIE 10.0; Windows NT 6.1; WOW64; Trident/6.0)
pjimenez,203.0.224.188,Mozilla/5.0 (compatible; MSIE 9.0; Windows NT 6.1; WOW64; Trident/5.0; .NET CLR 3.5.30729; .NET CLR 3.0.30729; .NET CLR 2.0.50727; Media Center PC 6.0)
vcummings,196.138.93.76,Mozilla/5.0 (compatible; MSIE 9.0; Windows NT 6.1; Trident/5.0; yie8)
clarkechelsea,192.66.25.206,Mozilla/5.0 (compatible; MSIE 10.0; Windows NT 6.1; Trident/5.0)
lorimcfarland,66.255.238.209,Mozilla/5.0 (compatible; MSIE 9.0; Windows NT 6.1; WOW64; Trident/5.0; SLCC2; Media Center PC 6.0; InfoPath.3; MS-RTC LM 8; Zune 4.7)
thomasgibbs,169.234.94.183,Mozilla/5.0 (compatible; MSIE 9.0; Windows NT 6.1; Win64; x64; Trident/5.0; .NET CLR 3.5.30729; .NET CLR 3.0.30729; .NET CLR 2.0.50727; Media Center PC 6.0)
tsmith,192.28.114.26,Mozilla/5.0 (compatible; MSIE 7.0; Windows NT 5.0; Trident/4.0; FBSMTWB; .NET CLR 2.0.34861; .NET CLR 3.0.3746.3218; .NET CLR 3.5.33652; msn OptimizedIE8;ENUS)
christinarice,192.0.1.73,Mozilla/5.0 (compatible; MSIE 8.0; Windows NT 5.1; Trident/4.0; InfoPath.2; SLCC1; .NET CLR 3.0.4506.2152; .NET CLR 3.5.30729; .NET CLR 2.0.50727)
jennifersmith,192.0.60.74,Mozilla/5.0 (compatible; MSIE 9.0; Windows NT 6.1; Trident/5.0; FunWebProducts)
lucasjohnson,203.0.126.52,Mozilla/5.0 (compatible; MSIE 8.0; Windows NT 6.1; Trident/4.0; GTB7.4; InfoPath.2; SV1; .NET CLR 3.3.69573; WOW64; en-US)
howardrichardson,192.52.206.107,Mozilla/5.0 (compatible; MSIE 9.0; Windows NT 6.1; Trident/4.0; GTB7.4; InfoPath.1; SV1; .NET CLR 2.8.52393; WOW64; en-US)
hallheather,192.175.57.119,Mozilla/5.0 (compatible; MSIE 9.0; Windows NT 6.0; Trident/5.0; chromeframe/11.0.696.57)
yjohnson,192.81.47.139,Mozilla/5.0 (compatible; MSIE 8.0; Windows NT 6.0; Trident/4.0; WOW64; Trident/4.0; SLCC2; .NET CLR 2.0.50727; .NET CLR 3.5.30729; .NET CLR 3.0.30729; .NET CLR 1.0.3705; .NET CLR 1.1.4322)
lyonsdana,192.175.38.119,Mozilla/5.0 (compatible; MSIE 9.0; Windows NT 6.1; Win64; x64; Trident/5.0; .NET CLR 3.5.30729; .NET CLR 3.0.30729; .NET CLR 2.0.50727; Media Center PC 6.0)
sjones,169.243.194.131,Mozilla/5.0 (compatible; MSIE 8.0; Windows NT 5.1; Trident/4.0; .NET CLR 1.1.4322; .NET CLR 2.0.50727)
stephen60,6.140.220.156,Mozilla/5.0 (compatible; MSIE 9.0; Windows NT 6.1; Trident/5.0; SLCC2; .NET CLR 2.0.50727; .NET CLR 3.5.30729; .NET CLR 3.0.30729; Media Center PC 6.0; InfoPath.2; .NET CLR 1.1.4322; .NET4.0C; Tablet PC 2.0)
cgomez,192.0.219.26,Mozilla/5.0 (compatible; MSIE 9.0; Windows NT 6.1; Win64; x64; Trident/5.0
dperry,103.8.51.134,Mozilla/5.0 (compatible; MSIE 10.0; Windows NT 6.1; Trident/6.0)
gordondevin,192.88.123.161,Mozilla/5.0 (Windows; U; MSIE 9.0; WIndows NT 9.0; en-US))
williamsalejandro,192.88.98.96,Mozilla/4.0 (Compatible; MSIE 8.0; Windows NT 5.2; Trident/6.0)
brichard,192.88.111.251,Mozilla/5.0 (Windows; U; MSIE 9.0; Windows NT 9.0; en-US)
bpratt,192.29.94.253,Mozilla/5.0 (compatible; MSIE 8.0; Windows NT 5.2; Trident/4.0; Media Center PC 4.0; SLCC1; .NET CLR 3.0.04320)
nataliesmith,192.175.28.121,Mozilla/5.0 (compatible; MSIE 8.0; Windows NT 6.0; Trident/4.0; .NET CLR 2.7.58687; SLCC2; Media Center PC 5.0; Zune 3.4; Tablet PC 3.6; InfoPath.3)
hogancody,198.51.113.159,Mozilla/4.0 (compatible; MSIE 8.0; Windows NT 6.1; WOW64; Trident/4.0; SLCC2; .NET CLR 2.0.50727; InfoPath.3; .NET4.0C; .NET4.0E; .NET CLR 3.5.30729; .NET CLR 3.0.30729; MS-RTC LM 8)
kara47,205.143.93.63,Mozilla/5.0 (compatible; MSIE 8.0; Windows NT 6.0; Trident/4.0; InfoPath.1; SV1; .NET CLR 3.8.36217; WOW64; en-US)
qsmith,192.31.212.113,Mozilla/4.0 (compatible; MSIE 8.0; Windows NT 6.1; WOW64; Trident/4.0; SLCC2; .NET CLR 2.0.50727; InfoPath.2)
josephguerrero,192.89.150.253,Mozilla/5.0 (compatible; MSIE 9.0; Windows NT 6.1; Trident/5.0) chromeframe/10.0.648.205
justin34,198.51.127.158,Mozilla/4.0 (compatible; MSIE 8.0; Windows NT 6.1; WOW64; Trident/4.0; SLCC2; Media Center PC 6.0; InfoPath.2; MS-RTC LM 8
johnathanavery,203.146.187.116,Mozilla/5.0 (compatible; MSIE 8.0; Windows NT 5.1; Trident/4.0; SLCC1; .NET CLR 3.0.4506.2152; .NET CLR 3.5.30729; .NET CLR 1.1.4322)
trevorwoods,192.2.193.243,Mozilla/4.0 (compatible; MSIE 8.0; Windows NT 6.2; Trident/4.0; SLCC2; .NET CLR 2.0.50727; .NET CLR 3.5.30729; .NET CLR 3.0.30729; Media Center PC 6.0)
gmckinney,192.61.214.161,Mozilla/5.0 (compatible; MSIE 8.0; Windows NT 5.1; Trident/4.0; InfoPath.2; SLCC1; .NET CLR 3.0.4506.2152; .NET CLR 3.5.30729; .NET CLR 2.0.50727)
josewhite,173.253.100.185,Mozilla/5.0 (compatible; MSIE 9.0; Windows NT 6.1; Trident/5.0) chromeframe/10.0.648.205
piercejon,100.240.213.62,Mozilla/5.0 (compatible; MSIE 8.0; Windows NT 5.1; Trident/4.0; SLCC1; .NET CLR 3.0.4506.2152; .NET CLR 3.5.30729; .NET CLR 1.1.4322)
peckalexander,169.249.65.32,Mozilla/5.0 (compatible; MSIE 10.0; Windows NT 6.1; Trident/4.0; InfoPath.2; SV1; .NET CLR 2.0.50727; WOW64)
joshuawaters,192.170.208.227,Mozilla/5.0 (compatible; MSIE 9.0; Windows NT 6.1; Trident/5.0; chromeframe/13.0.782.215)
mmartinez,197.64.42.38,Mozilla/5.0 (compatible; MSIE 8.0; Windows NT 5.0; Trident/4.0; InfoPath.1; SV1; .NET CLR 3.0.4506.2152; .NET CLR 3.5.30729; .NET CLR 3.0.04506.30)
chasesalinas,192.0.11.229,Mozilla/5.0 (compatible; MSIE 8.0; Windows NT 6.1; Trident/4.0; GTB7.4; InfoPath.2; SV1; .NET CLR 3.3.69573; WOW64; en-US)
gcole,197.37.41.140,Mozilla/5.0 (Windows; U; MSIE 9.0; WIndows NT 9.0; en-US))
williamnewman,192.175.189.172,"Mozilla/5.0 (compatible, MSIE 11, Windows NT 6.3; Trident/7.0;  rv:11.0) like Gecko"
haleymartinez,192.88.98.240,Mozilla/5.0 (compatible; MSIE 9.0; Windows NT 6.1; Win64; x64; Trident/5.0; .NET CLR 2.0.50727; SLCC2; .NET CLR 3.5.30729; .NET CLR 3.0.30729; Media Center PC 6.0; Zune 4.0; Tablet PC 2.0; InfoPath.3; .NET4.0C; .NET4.0E)
barrettamy,192.52.199.208,Mozilla/5.0 (compatible; MSIE 9.0; Windows NT 7.1; Trident/5.0)
brittanybell,198.50.112.194,Mozilla/5.0 (compatible; MSIE 8.0; Windows NT 5.1; Trident/4.0; InfoPath.2; SLCC1; .NET CLR 3.0.4506.2152; .NET CLR 3.5.30729; .NET CLR 2.0.50727)
dparks,203.0.67.85,Mozilla/5.0 (Windows NT 6.1; WOW64; Trident/7.0; AS; rv:11.0) like Gecko
jaguilar,192.88.89.13,Mozilla/5.0 (compatible; MSIE 9.0; Windows NT 6.1; Trident/5.0; SLCC2; .NET CLR 2.0.50727; .NET CLR 3.5.30729; .NET CLR 3.0.30729; Media Center PC 6.0; InfoPath.2; .NET CLR 1.1.4322; .NET4.0C; Tablet PC 2.0)
danielmitchell,198.50.132.145,Mozilla/5.0 (compatible; MSIE 9.0; Windows NT 6.0; Trident/4.0; GTB7.4; InfoPath.3; SV1; .NET CLR 3.1.76908; WOW64; en-US)
patriciaward,192.51.116.184,Mozilla/5.0 (compatible; MSIE 10.0; Windows NT 6.1; Trident/6.0)
paynemarcus,192.101.244.13,Mozilla/4.0 (compatible; MSIE 8.0; Windows NT 6.1; WOW64; Trident/4.0; SLCC2; .NET CLR 2.0.50727; InfoPath.3; .NET4.0C; .NET4.0E; .NET CLR 3.5.30729; .NET CLR 3.0.30729; MS-RTC LM 8)
jennabeck,121.37.86.35,Mozilla/5.0 (compatible; MSIE 8.0; Windows NT 6.0; Trident/4.0; WOW64; Trident/4.0; SLCC2; .NET CLR 2.0.50727; .NET CLR 3.5.30729; .NET CLR 3.0.30729; .NET CLR 1.0.3705; .NET CLR 1.1.4322)
annaharrington,192.52.236.207,Mozilla/5.0 (compatible; MSIE 8.0; Windows NT 5.1; SLCC1; .NET CLR 1.1.4322)
torresmonica,203.19.30.79,Mozilla/5.0 (compatible; MSIE 9.0; Windows NT 6.0; Trident/5.0; chromeframe/11.0.696.57)
natalie77,192.88.103.133,Mozilla/5.0 (Windows; U; MSIE 9.0; Windows NT 9.0; en-US)
margaretoneal,193.75.130.187,Mozilla/5.0 (compatible; MSIE 8.0; Windows NT 5.2; Trident/4.0; Media Center PC 4.0; SLCC1; .NET CLR 3.0.04320)
campbellkim,97.5.70.215,Mozilla/5.0 (compatible; MSIE 9.0; Windows NT 6.1; Win64; x64; Trident/5.0; .NET CLR 3.5.30729; .NET CLR 3.0.30729; .NET CLR 2.0.50727; Media Center PC 6.0)
sharris,192.175.35.201,Mozilla/5.0 (compatible; MSIE 9.0; Windows NT 7.1; Trident/5.0)
ariasjimmy,120.222.219.234,Mozilla/5.0 (compatible; MSIE 9.0; Windows NT 6.0; Trident/5.0; chromeframe/11.0.696.57)
garcialaurie,100.19.217.9,Mozilla/4.0 (Compatible; MSIE 8.0; Windows NT 5.2; Trident/6.0)
hernandezrobert,192.0.10.131,Mozilla/4.0 (compatible; MSIE 8.0; Windows NT 6.1; WOW64; Trident/4.0; SLCC2; .NET CLR 2.0.50727; Media Center PC 6.0; .NET CLR 3.5.30729; .NET CLR 3.0.30729; .NET4.0C)
melissakelley,198.51.96.184,Mozilla/5.0 (compatible; MSIE 8.0; Windows NT 5.1; Trident/4.0; SLCC1; .NET CLR 3.0.4506.2152; .NET CLR 3.5.30729; .NET CLR 1.1.4322)
john98,203.0.246.177,Mozilla/5.0 (compatible; MSIE 9.0; Windows NT 6.0; Trident/4.0; GTB7.4; InfoPath.3; SV1; .NET CLR 3.1.76908; WOW64; en-US)
pblair,192.1.184.224,Mozilla/4.0 (compatible; MSIE 8.0; Windows NT 6.1; WOW64; Trident/4.0; SLCC2; Media Center PC 6.0; InfoPath.2; MS-RTC LM 8
saramills,192.52.206.68,Mozilla/5.0 (compatible; MSIE 9.0; Windows NT 6.1; Trident/5.0; yie8)
tduarte,192.52.192.49,Mozilla/4.0 (compatible; MSIE 8.0; Windows NT 6.2; Trident/4.0; SLCC2; .NET CLR 2.0.50727; .NET CLR 3.5.30729; .NET CLR 3.0.30729; Media Center PC 6.0)
frankcynthia,192.100.38.22,Mozilla/4.0 (compatible; MSIE 8.0; Windows NT 6.1; WOW64; Trident/4.0; SLCC2; .NET CLR 2.0.50727; Media Center PC 6.0; .NET CLR 3.5.30729; .NET CLR 3.0.30729; .NET4.0C)
millerdiamond,198.51.101.23,Mozilla/5.0 (compatible; MSIE 9.0; Windows NT 6.0; Trident/5.0; chromeframe/11.0.696.57)
ramirezmaria,192.2.106.82,Mozilla/5.0 (compatible; MSIE 8.0; Windows NT 5.1; SLCC1; .NET CLR 1.1.4322)
schmidtjeffrey,169.232.195.16,Mozilla/5.0 (compatible; MSIE 9.0; Windows NT 6.1; Win64; x64; Trident/5.0; .NET CLR 3.5.30729; .NET CLR 3.0.30729; .NET CLR 2.0.50727; Media Center PC 6.0)
tina34,203.7.5.126,Mozilla/5.0 (compatible; MSIE 9.0; Windows NT 6.0; Trident/5.0; chromeframe/11.0.696.57)
fredgregory,203.0.103.96,Mozilla/5.0 (compatible; MSIE 9.0; Windows NT 6.1; WOW64; Trident/5.0; chromeframe/12.0.742.112)
lawrencedavid,194.83.1.17,Mozilla/5.0 (compatible; MSIE 10.0; Windows NT 6.1; Trident/6.0)
qwoodard,192.88.98.229,Mozilla/5.0 (Windows NT 6.1; WOW64; Trident/7.0; AS; rv:11.0) like Gecko
priceroberto,100.5.95.59,Mozilla/5.0 (compatible; MSIE 9.0; Windows NT 6.0; Trident/4.0; GTB7.4; InfoPath.3; SV1; .NET CLR 3.1.76908; WOW64; en-US)
deborah82,192.52.194.209,Mozilla/5.0 (Windows; U; MSIE 9.0; Windows NT 9.0; en-US)
frazierjustin,198.48.140.188,Mozilla/5.0 (compatible; MSIE 9.0; Windows NT 6.1; Trident/5.0; yie8)
pbates,192.52.197.206,Mozilla/5.0 (compatible; MSIE 10.0; Windows NT 6.1; WOW64; Trident/6.0)
carolynrodriguez,192.175.54.18,Mozilla/5.0 (compatible; MSIE 9.0; Windows NT 6.1; Trident/5.0; yie8)
xkelly,169.240.50.170,Mozilla/5.0 (Windows; U; MSIE 9.0; Windows NT 9.0; en-US)
